725,2020-01-19 00:00:00,217,217,25,25,188,25,4,4,0,0
726,2020-01-20 00:00:00,291,74,25,0,260,0,6,2,0,0
727,2020-01-21 00:00:00,440,149,25,0,406,0,9,3,0,0
728,2020-01-22 00:00:00,571,131,28,3,526,3,17,8,0,0
729,2020-01-23 00:00:00,835,264,34,6,776,6,25,8,0,0
730,2020-01-24 00:00:00,1297,462,38,4,1218,4,41,16,0,0
731,2020-01-25 00:00:00,1985,688,49,11,1880,11,56,15,0,0
732,2020-01-26 00:00:00,2762,777,51,2,2631,2,80,24,0,0
733,2020-01-27 00:00:00,4535,1773,60,9,4369,9,106,26,0,0
734,2020-01-28 00:00:00,5999,1464,103,43,5764,43,132,26,0,0
735,2020-01-29 00:00:00,7736,1737,124,21,7442,21,170,38,0,0
736,2020-01-30 00:00:00,9720,1984,171,47,9336,47,213,43,0,0
737,2020-01-31 00:00:00,11821,2101,243,72,11319,72,259,46,0,0
738,2020-02-01 00:00:00,14411,2590,328,85,13779,85,304,45,0,0
739,2020-02-02 00:00:00,17238,2827,475,147,16402,147,361,57,0,0
740,2020-02-03 00:00:00,20471,3233,632,157,19414,157,425,64,0,0
741,2020-02-04 00:00:00,24363,3892,892,260,22980,260,491,66,0,0
742,2020-02-05 00:00:00,28060,3697,1153,261,26343,261,564,73,0,0
743,2020-02-06 00:00:00,31211,3151,1542,389,29032,389,637,73,0,0
744,2020-02-07 00:00:00,34598,3387,2052,510,31823,510,723,86,0,0
745,2020-02-08 00:00:00,37251,2653,2651,599,33788,599,812,89,0,0
746,2020-02-09 00:00:00,40174,2923,3283,632,35982,632,909,97,0,0
747,2020-02-10 00:00:00,42641,2467,3998,715,37626,715,1017,108,0,0
748,2020-02-11 00:00:00,44656,2015,4742,744,38800,744,1114,97,0,0
749,2020-02-12 00:00:00,60921,16265,5915,1173,53638,1173,1368,254,0,0
750,2020-02-13 00:00:00,63932,3011,6728,813,55823,813,1381,13,0,0
751,2020-02-14 00:00:00,66576,2644,8101,1373,56951,1373,1524,143,0,0
752,2020-02-15 00:00:00,68584,2008,9425,1324,57493,1324,1666,142,0,0
753,2020-02-16 00:00:00,70635,2051,10853,1428,58010,1428,1772,106,0,0
754,2020-02-17 00:00:00,72528,1893,12561,1708,58097,1708,1870,98,0,0
755,2020-02-18 00:00:00,74279,1751,14387,1826,57886,1826,2006,136,0,0
756,2020-02-19 00:00:00,75101,822,16170,1783,56810,1783,2121,115,0,0
757,2020-02-20 00:00:00,75993,892,18279,2109,55475,2109,2239,118,0,0
758,2020-02-21 00:00:00,76392,399,20673,2394,53371,2394,2348,109,0,0
759,2020-02-22 00:00:00,77041,649,22907,2234,51689,2234,2445,97,0,0
760,2020-02-23 00:00:00,77262,221,24757,1850,49910,1850,2595,150,0,0
761,2020-02-24 00:00:00,77779,517,27353,2596,47760,2596,2666,71,0,0
762,2020-02-25 00:00:00,78190,411,29775,2422,45697,2422,2718,52,0,0
763,2020-02-26 00:00:00,78630,440,32531,2756,43352,2756,2747,29,0,0
764,2020-02-27 00:00:00,78959,329,36157,3626,40011,3626,2791,44,0,0
765,2020-02-28 00:00:00,79389,430,39049,2892,37502,2892,2838,47,0,0
766,2020-02-29 00:00:00,79968,579,41675,2626,35420,2626,2873,35,0,0
767,2020-03-01 00:00:00,80174,206,44518,2843,32741,2843,2915,42,0,0
768,2020-03-02 00:00:00,80302,128,47260,2742,30096,2742,2946,31,0,0
769,2020-03-03 00:00:00,80422,120,49914,2654,27524,2654,2984,38,0,0
770,2020-03-04 00:00:00,80565,143,52109,2195,25441,2195,3015,31,20,20
771,2020-03-05 00:00:00,80710,145,53793,1684,23872,1684,3045,30,36,16
772,2020-03-06 00:00:00,80813,103,55477,1684,22263,1684,3073,28,60,24
773,2020-03-07 00:00:00,80859,46,57143,1666,20616,1666,3100,27,63,3
774,2020-03-08 00:00:00,80904,45,58684,1541,19097,1541,3123,23,67,4
775,2020-03-09 00:00:00,80924,20,59982,1298,17802,1298,3140,17,69,2
776,2020-03-10 00:00:00,80955,31,61567,1585,16226,1585,3162,22,79,10
777,2020-03-11 00:00:00,80980,25,62887,1320,14920,1320,3173,11,85,6
778,2020-03-12 00:00:00,81003,23,64216,1329,13607,1329,3180,7,88,3
779,2020-03-13 00:00:00,81021,18,65649,1433,12178,1433,3194,14,95,7
780,2020-03-14 00:00:00,81048,27,67022,1373,10822,1373,3204,10,111,16
781,2020-03-15 00:00:00,81077,29,67863,841,9996,841,3218,14,123,12
782,2020-03-16 00:00:00,81116,39,68799,936,9086,936,3231,13,143,20
783,2020-03-17 00:00:00,81151,35,69725,926,8184,926,3242,11,155,12
784,2020-03-18 00:00:00,81235,84,70547,822,7438,822,3250,8,189,34
785,2020-03-19 00:00:00,81300,65,71284,737,6763,737,3253,3,228,39
786,2020-03-20 00:00:00,81416,116,71876,592,6279,592,3261,8,269,41
787,2020-03-21 00:00:00,81498,82,72382,506,5849,506,3267,6,314,45
788,2020-03-22 00:00:00,81600,102,72841,459,5483,459,3276,9,353,39
789,2020-03-23 00:00:00,81747,147,73299,458,5165,458,3283,7,427,74
790,2020-03-24 00:00:00,81847,100,73791,492,4769,492,3287,4,474,47
791,2020-03-25 00:00:00,81960,113,74196,405,4471,405,3293,6,541,67
792,2020-03-26 00:00:00,82078,118,74737,541,4043,541,3298,5,595,54
793,2020-03-27 00:00:00,82213,135,75122,385,3790,385,3301,3,649,54
794,2020-03-28 00:00:00,82341,128,75600,478,3435,478,3306,5,693,44
795,2020-03-29 00:00:00,82447,106,75937,337,3199,337,3311,5,723,30
796,2020-03-30 00:00:00,82545,98,76225,288,3006,288,3314,3,771,48
797,2020-03-31 00:00:00,82631,86,76415,190,2895,190,3321,7,806,35
798,2020-04-01 00:00:00,82724,93,76610,195,2787,195,3327,6,841,35
799,2020-04-02 00:00:00,82802,78,76785,175,2686,175,3331,4,870,29
800,2020-04-03 00:00:00,82875,73,76984,199,2556,199,3335,4,888,18
801,2020-04-04 00:00:00,82930,55,77210,226,2382,226,3338,3,913,25
802,2020-04-05 00:00:00,83005,75,77348,138,2317,138,3340,2,951,38
803,2020-04-06 00:00:00,83071,66,77450,102,2281,102,3340,0,983,32
804,2020-04-07 00:00:00,83157,86,77586,136,2229,136,3342,2,1042,59
805,2020-04-08 00:00:00,83249,92,77711,125,2194,125,3344,2,1103,61
806,2020-04-09 00:00:00,83305,56,77838,127,2122,127,3345,1,1141,38
807,2020-04-10 00:00:00,83369,64,77935,97,2085,97,3349,4,1183,42
808,2020-04-11 00:00:00,83482,113,78020,85,2113,85,3349,0,1280,97
809,2020-04-12 00:00:00,83597,115,78145,125,2101,125,3351,2,1378,98
810,2020-04-13 00:00:00,83696,99,78262,117,2083,117,3351,0,1464,86
811,2020-04-14 00:00:00,83745,49,78389,127,2004,127,3352,1,1500,36
812,2020-04-15 00:00:00,83797,52,78504,115,1941,115,3352,0,1534,34
813,2020-04-16 00:00:00,84149,352,77635,-869,1872,-869,4642,1290,1549,15
814,2020-04-17 00:00:00,84180,31,77744,109,1794,109,4642,0,1566,17
815,2020-04-18 00:00:00,84201,21,77825,81,1734,81,4642,0,1575,9
816,2020-04-19 00:00:00,84237,36,77895,70,1700,70,4642,0,1583,8
817,2020-04-20 00:00:00,84250,13,77978,83,1630,83,4642,0,1587,4
818,2020-04-21 00:00:00,84287,37,78042,64,1603,64,4642,0,1610,23
819,2020-04-22 00:00:00,84302,15,78147,105,1513,105,4642,0,1616,6
820,2020-04-23 00:00:00,84311,9,78236,89,1433,89,4642,0,1618,2
821,2020-04-24 00:00:00,84324,13,78362,126,1320,126,4642,0,1629,11
822,2020-04-25 00:00:00,84338,14,78450,88,1246,88,4642,0,1634,5
823,2020-04-26 00:00:00,84341,3,78558,108,1140,108,4643,1,1636,2
824,2020-04-27 00:00:00,84347,6,78674,116,1030,116,4643,0,1639,3
825,2020-04-28 00:00:00,84369,22,78729,55,997,55,4643,0,1660,21
826,2020-04-29 00:00:00,84369,0,78766,37,960,37,4643,0,1660,0
827,2020-04-30 00:00:00,84385,16,78845,79,897,79,4643,0,1670,10
828,2020-05-01 00:00:00,84388,3,78905,60,840,60,4643,0,1671,1
829,2020-05-02 00:00:00,84393,5,78939,34,811,34,4643,0,1672,1
830,2020-05-03 00:00:00,84400,7,79016,77,741,77,4643,0,1675,3
831,2020-05-04 00:00:00,84404,4,79126,110,635,110,4643,0,1676,1
832,2020-05-05 00:00:00,84404,0,79203,77,558,77,4643,0,1676,0
833,2020-05-06 00:00:00,84408,4,79249,46,516,46,4643,0,1678,2
834,2020-05-07 00:00:00,84415,7,79324,75,448,75,4643,0,1680,2
835,2020-05-08 00:00:00,84416,1,79348,24,425,24,4643,0,1680,0
836,2020-05-09 00:00:00,84431,15,79491,143,297,143,4643,0,1681,1
837,2020-05-10 00:00:00,84450,19,79533,42,274,42,4643,0,1690,9
838,2020-05-11 00:00:00,84451,1,79566,33,241,33,4644,1,1691,1
839,2020-05-12 00:00:00,84458,7,79594,28,220,28,4644,0,1692,1
840,2020-05-13 00:00:00,84464,6,79621,27,199,27,4644,0,1692,0
841,2020-05-14 00:00:00,84469,5,79644,23,181,23,4644,0,1692,0
842,2020-05-15 00:00:00,84478,9,79668,24,166,24,4644,0,1698,6
843,2020-05-16 00:00:00,84484,6,79682,14,157,14,4645,1,1700,2
844,2020-05-17 00:00:00,84494,10,79701,19,148,19,4645,0,1704,4
845,2020-05-18 00:00:00,84500,6,79708,7,147,7,4645,0,1707,3
846,2020-05-19 00:00:00,84505,5,79715,7,145,7,4645,0,1708,1
847,2020-05-20 00:00:00,84507,2,79722,7,140,7,4645,0,1709,1
848,2020-05-21 00:00:00,84520,13,79736,14,139,14,4645,0,1711,2
849,2020-05-22 00:00:00,84522,2,79738,2,139,2,4645,0,1711,0
850,2020-05-23 00:00:00,84525,3,79746,8,134,8,4645,0,1713,2
851,2020-05-24 00:00:00,84536,11,79757,11,134,11,4645,0,1724,11
852,2020-05-25 00:00:00,84543,7,79767,10,131,10,4645,0,1731,7
853,2020-05-26 00:00:00,84544,1,79774,7,125,7,4645,0,1732,1
854,2020-05-27 00:00:00,84547,3,79786,12,116,12,4645,0,1734,2
855,2020-05-28 00:00:00,84547,0,79791,5,111,5,4645,0,1734,0
856,2020-05-29 00:00:00,84561,14,79800,9,116,9,4645,0,1734,0
857,2020-05-30 00:00:00,84570,9,79807,7,118,7,4645,0,1740,6
858,2020-05-31 00:00:00,84588,18,79812,5,131,5,4645,0,1756,16
859,2020-06-01 00:00:00,84597,9,79824,12,128,12,4645,0,1761,5
860,2020-06-02 00:00:00,84604,7,79826,2,133,2,4645,0,1762,1
861,2020-06-03 00:00:00,84603,-1,79831,5,127,5,4645,0,1763,1
862,2020-06-04 00:00:00,84614,11,79842,11,127,11,4645,0,1768,5
863,2020-06-05 00:00:00,84617,3,79848,6,124,6,4645,0,1768,0
864,2020-06-06 00:00:00,84625,8,79853,5,127,5,4645,0,1771,3
865,2020-06-07 00:00:00,84634,9,79865,12,124,12,4645,0,1780,9
866,2020-06-08 00:00:00,84638,4,79875,10,118,10,4645,0,1783,3
867,2020-06-09 00:00:00,84641,3,79883,8,113,8,4645,0,1786,3
868,2020-06-10 00:00:00,84652,11,79888,5,119,5,4645,0,1797,11
869,2020-06-11 00:00:00,84659,7,79896,8,118,8,4645,0,1803,6
870,2020-06-12 00:00:00,84671,12,79903,7,123,7,4645,0,1808,5
871,2020-06-13 00:00:00,84729,58,79906,3,178,3,4645,0,1827,19
872,2020-06-14 00:00:00,84778,49,79913,7,220,7,4645,0,1837,10
873,2020-06-15 00:00:00,84823,45,79922,9,256,9,4645,0,1845,8
874,2020-06-16 00:00:00,84867,44,79926,4,296,4,4645,0,1856,11
875,2020-06-17 00:00:00,84903,36,79944,18,314,18,4645,0,1860,4
876,2020-06-18 00:00:00,84940,37,79949,5,346,5,4645,0,1864,4
877,2020-06-19 00:00:00,84970,30,79963,14,362,14,4645,0,1868,4
878,2020-06-20 00:00:00,84997,27,79969,6,382,6,4646,1,1869,1
879,2020-06-21 00:00:00,85018,21,79969,0,403,0,4646,0,1869,0
880,2020-06-22 00:00:00,85070,52,79983,14,441,14,4646,0,1885,16
881,2020-06-23 00:00:00,85098,28,79991,8,460,8,4647,1,1888,3
882,2020-06-24 00:00:00,85119,21,79999,8,473,8,4647,0,1893,5
883,2020-06-25 00:00:00,85148,29,80007,8,493,8,4648,1,1895,2
884,2020-06-26 00:00:00,85172,24,80015,8,509,8,4648,0,1899,4
885,2020-06-27 00:00:00,85190,18,80026,11,516,11,4648,0,1902,3
886,2020-06-28 00:00:00,85204,14,80044,18,512,18,4648,0,1907,5
887,2020-06-29 00:00:00,85227,23,80054,10,525,10,4648,0,1918,11
888,2020-06-30 00:00:00,85232,5,80068,14,516,14,4648,0,1918,0
889,2020-07-01 00:00:00,85263,31,80087,19,528,19,4648,0,1920,2
890,2020-07-02 00:00:00,85278,15,80102,15,528,15,4648,0,1923,3
891,2020-07-03 00:00:00,85284,6,80107,5,529,5,4648,0,1923,0
892,2020-07-04 00:00:00,85306,22,80144,37,514,37,4648,0,1931,8
893,2020-07-05 00:00:00,85317,11,80154,10,515,10,4648,0,1931,0
894,2020-07-06 00:00:00,85345,28,80168,14,529,14,4648,0,1942,11
895,2020-07-07 00:00:00,85366,21,80192,24,526,24,4648,0,1949,7
896,2020-07-08 00:00:00,85399,33,80240,48,511,48,4648,0,1958,9
897,2020-07-09 00:00:00,85445,46,80268,28,529,28,4648,0,1962,4
898,2020-07-10 00:00:00,85487,42,80293,25,546,25,4648,0,1964,2
899,2020-07-11 00:00:00,85522,35,80314,21,560,21,4648,0,1971,7
900,2020-07-12 00:00:00,85568,46,80345,31,575,31,4648,0,1979,8
901,2020-07-13 00:00:00,85623,55,80376,31,598,31,4649,1,1982,3
902,2020-07-14 00:00:00,85677,54,80407,31,621,31,4649,0,1988,6
903,2020-07-15 00:00:00,85697,20,80445,38,601,38,4651,2,1989,1
904,2020-07-16 00:00:00,85775,78,80476,31,648,31,4651,0,1998,9
905,2020-07-17 00:00:00,85857,82,80508,32,697,32,4652,1,2004,6
906,2020-07-18 00:00:00,85937,80,80535,27,749,27,4653,1,2007,3
907,2020-07-19 00:00:00,86068,131,80579,44,836,44,4653,0,2012,5
908,2020-07-20 00:00:00,86152,84,80605,26,894,26,4653,0,2015,3
909,2020-07-21 00:00:00,86214,62,80648,43,911,43,4655,2,2015,0
910,2020-07-22 00:00:00,86361,147,80685,37,1021,37,4655,0,2023,8
911,2020-07-23 00:00:00,86500,139,80738,53,1106,53,4656,1,2029,6
912,2020-07-24 00:00:00,86660,160,80782,44,1221,44,4657,1,2034,5
913,2020-07-25 00:00:00,86839,179,80849,67,1331,67,4659,2,2045,11
914,2020-07-26 00:00:00,87028,189,80899,50,1470,50,4659,0,2049,4
915,2020-07-27 00:00:00,87245,217,80906,7,1676,7,4663,4,2053,4
916,2020-07-28 00:00:00,87457,212,80957,51,1836,51,4664,1,2056,3
917,2020-07-29 00:00:00,87680,223,81034,77,1981,77,4665,1,2059,3
918,2020-07-30 00:00:00,87956,276,81120,86,2170,86,4666,1,2063,4
919,2020-07-31 00:00:00,88122,166,81227,107,2227,107,4668,2,2069,6
920,2020-08-01 00:00:00,88301,179,81348,121,2281,121,4672,4,2085,16
921,2020-08-02 00:00:00,88459,158,81459,111,2324,111,4676,4,2092,7
922,2020-08-03 00:00:00,88573,114,81554,95,2340,95,4679,3,2098,6
923,2020-08-04 00:00:00,88682,109,81675,121,2324,121,4683,4,2103,5
924,2020-08-05 00:00:00,88804,122,81858,183,2262,183,4684,1,2110,7
925,2020-08-06 00:00:00,88937,133,82034,176,2216,176,4687,3,2120,10
926,2020-08-07 00:00:00,89057,120,82230,196,2139,196,4688,1,2126,6
927,2020-08-08 00:00:00,89149,92,82410,180,2051,180,4688,0,2134,8
928,2020-08-09 00:00:00,89270,121,82566,156,2011,156,4693,5,2169,35
929,2020-08-10 00:00:00,89385,115,82689,123,2000,123,4696,3,2200,31
930,2020-08-11 00:00:00,89444,59,82888,199,1856,199,4700,4,2216,16
931,2020-08-12 00:00:00,89526,82,83083,195,1739,195,4704,4,2227,11
932,2020-08-13 00:00:00,89625,99,83253,170,1665,170,4707,3,2249,22
933,2020-08-14 00:00:00,89695,70,83407,154,1580,154,4708,1,2263,14
934,2020-08-15 00:00:00,89761,66,83559,152,1492,152,4710,2,2278,15
935,2020-08-16 00:00:00,89859,98,83648,89,1501,89,4710,0,2300,22
936,2020-08-17 00:00:00,89926,67,83737,89,1479,89,4710,0,2322,22
937,2020-08-18 00:00:00,89980,54,83858,121,1410,121,4712,2,2339,17
938,2020-08-19 00:00:00,90013,33,84027,169,1273,169,4713,1,2346,7
939,2020-08-20 00:00:00,90053,40,84122,95,1215,95,4716,3,2368,22
940,2020-08-21 00:00:00,90103,50,84254,132,1133,132,4716,0,2390,22
941,2020-08-22 00:00:00,90141,38,84372,118,1052,118,4717,1,2402,12
942,2020-08-23 00:00:00,90182,41,84446,74,1018,74,4718,1,2418,16
943,2020-08-24 00:00:00,90205,23,84516,70,971,70,4718,0,2432,14
944,2020-08-25 00:00:00,90239,34,84626,110,894,110,4719,1,2447,15
945,2020-08-26 00:00:00,90271,32,84715,89,836,89,4720,1,2455,8
946,2020-08-27 00:00:00,90301,30,84799,84,780,84,4722,2,2464,9
947,2020-08-28 00:00:00,90323,22,84883,84,715,84,4725,3,2473,9
948,2020-08-29 00:00:00,90351,28,84948,65,675,65,4728,3,2482,9
949,2020-08-30 00:00:00,90383,32,85005,57,649,57,4729,1,2499,17
950,2020-08-31 00:00:00,90402,19,85058,53,614,53,4730,1,2509,10
951,2020-09-01 00:00:00,90422,20,85122,64,569,64,4731,1,2517,8
952,2020-09-02 00:00:00,90442,20,85169,47,539,47,4734,3,2528,11
953,2020-09-03 00:00:00,90457,15,85201,32,521,32,4735,1,2528,0
954,2020-09-04 00:00:00,90498,41,85257,56,506,56,4735,0,2563,35
955,2020-09-05 00:00:00,90517,19,85314,57,468,57,4735,0,2573,10
956,2020-09-06 00:00:00,90551,34,85350,36,464,36,4737,2,2585,12
957,2020-09-07 00:00:00,90573,22,85380,30,454,30,4739,2,2595,10
958,2020-09-08 00:00:00,90582,9,85411,31,431,31,4740,1,2597,2
959,2020-09-09 00:00:00,90595,13,85436,25,419,25,4740,0,2604,7
960,2020-09-10 00:00:00,90623,28,85480,44,403,44,4740,0,2619,15
961,2020-09-11 00:00:00,90643,20,85505,25,398,25,4740,0,2625,6
962,2020-09-12 00:00:00,90666,23,85533,28,392,28,4741,1,2635,10
963,2020-09-13 00:00:00,90695,29,85566,33,388,33,4741,0,2645,10
964,2020-09-14 00:00:00,90718,23,85583,17,393,17,4742,1,2653,8
965,2020-09-15 00:00:00,90734,16,85605,22,386,22,4743,1,2665,12
966,2020-09-16 00:00:00,90753,19,85634,29,376,29,4743,0,2674,9
967,2020-09-17 00:00:00,90797,44,85662,28,392,28,4743,0,2706,32
968,2020-09-18 00:00:00,90814,17,85684,22,386,22,4744,1,2720,14
969,2020-09-19 00:00:00,90840,26,85710,26,386,26,4744,0,2730,10
970,2020-09-20 00:00:00,90876,36,85721,11,411,11,4744,0,2742,12
971,2020-09-21 00:00:00,90890,14,85739,18,407,18,4744,0,2748,6
972,2020-09-22 00:00:00,90908,18,85759,20,405,20,4744,0,2758,10
973,2020-09-23 00:00:00,90918,10,85788,29,385,29,4745,1,2765,7
974,2020-09-24 00:00:00,90933,15,85806,18,382,18,4745,0,2773,8
975,2020-09-25 00:00:00,90951,18,85827,21,378,21,4746,1,2788,15
976,2020-09-26 00:00:00,90966,15,85844,17,376,17,4746,0,2802,14
977,2020-09-27 00:00:00,90993,27,85865,21,382,21,4746,0,2823,21
978,2020-09-28 00:00:00,91018,25,85884,19,388,19,4746,0,2835,12
979,2020-09-29 00:00:00,91041,23,85913,29,382,29,4746,0,2854,19
980,2020-09-30 00:00:00,91061,20,85950,37,365,37,4746,0,2865,11
981,2020-10-01 00:00:00,91082,21,85968,18,368,18,4746,0,2875,10
982,2020-10-02 00:00:00,91101,19,85984,16,371,16,4746,0,2885,10
983,2020-10-03 00:00:00,91121,20,86000,16,375,16,4746,0,2901,16
984,2020-10-04 00:00:00,91146,25,86019,19,381,19,4746,0,2921,20
985,2020-10-05 00:00:00,91170,24,86030,11,394,11,4746,0,2933,12
986,2020-10-06 00:00:00,91188,18,86056,26,386,26,4746,0,2940,7
987,2020-10-07 00:00:00,91201,13,86062,6,393,6,4746,0,2940,0
988,2020-10-08 00:00:00,91252,51,86104,42,402,42,4746,0,2972,32
989,2020-10-09 00:00:00,91278,26,86136,32,396,32,4746,0,2987,15
990,2020-10-10 00:00:00,91305,27,86153,17,406,17,4746,0,3008,21
991,2020-10-11 00:00:00,91333,28,86167,14,420,14,4746,0,3029,21
992,2020-10-12 00:00:00,91359,26,86185,18,428,18,4746,0,3036,7
993,2020-10-13 00:00:00,91388,29,86202,17,440,17,4746,0,3050,14
994,2020-10-14 00:00:00,91399,11,86217,15,436,15,4746,0,3060,10
995,2020-10-15 00:00:00,91436,37,86239,22,451,22,4746,0,3084,24
996,2020-10-16 00:00:00,91460,24,86254,15,460,15,4746,0,3097,13
997,2020-10-17 00:00:00,91490,30,86286,32,458,32,4746,0,3110,13
998,2020-10-18 00:00:00,91507,17,86312,26,449,26,4746,0,3123,13
999,2020-10-19 00:00:00,91546,39,86333,21,467,21,4746,0,3142,19
1000,2020-10-20 00:00:00,91565,19,86371,38,448,38,4746,0,3153,11
1001,2020-10-21 00:00:00,91588,23,86395,24,447,24,4746,0,3167,14
1002,2020-10-22 00:00:00,91621,33,86427,32,448,32,4746,0,3185,18
1003,2020-10-23 00:00:00,91653,32,86448,21,459,21,4746,0,3213,28
1004,2020-10-24 00:00:00,91675,22,86480,32,449,32,4746,0,3228,15
1005,2020-10-25 00:00:00,91701,26,86506,26,449,26,4746,0,3248,20
1006,2020-10-26 00:00:00,91725,24,86526,20,453,20,4746,0,3264,16
1007,2020-10-27 00:00:00,91735,10,86527,1,462,1,4746,0,3264,0
1008,2020-10-28 00:00:00,91821,86,86560,33,515,33,4746,0,3308,44
1009,2020-10-29 00:00:00,91852,31,86599,39,507,39,4746,0,3332,24
1010,2020-10-30 00:00:00,91893,41,86626,27,521,27,4746,0,3359,27
1011,2020-10-31 00:00:00,91921,28,86654,28,521,28,4746,0,3380,21
1012,2020-11-01 00:00:00,91955,34,86684,30,525,30,4746,0,3401,21
1013,2020-11-02 00:00:00,92015,60,86712,28,557,28,4746,0,3445,44
1014,2020-11-03 00:00:00,92045,30,86737,25,562,25,4746,0,3460,15
1015,2020-11-04 00:00:00,92077,32,86766,29,564,29,4747,1,3480,20
1016,2020-11-05 00:00:00,92121,44,86793,27,580,27,4748,1,3510,30
1017,2020-11-06 00:00:00,92164,43,86831,38,585,38,4748,0,3543,33
1018,2020-11-07 00:00:00,92195,31,86876,45,571,45,4748,0,3571,28
1019,2020-11-08 00:00:00,92242,47,86901,25,593,25,4748,0,3603,32
1020,2020-11-09 00:00:00,92271,29,86925,24,598,24,4748,0,3624,21
1021,2020-11-10 00:00:00,92299,28,86955,30,595,30,4749,1,3640,16
1022,2020-11-11 00:00:00,92336,37,86985,30,602,30,4749,0,3654,14
1023,2020-11-12 00:00:00,92372,36,87027,42,596,42,4749,0,3662,8
1024,2020-11-13 00:00:00,92404,32,87059,32,596,32,4749,0,3680,18
1025,2020-11-14 00:00:00,92428,24,87087,28,592,28,4749,0,3693,13
1026,2020-11-15 00:00:00,92452,24,87114,27,589,27,4749,0,3701,8
1027,2020-11-16 00:00:00,92476,24,87154,40,573,40,4749,0,3716,15
1028,2020-11-17 00:00:00,92490,14,87208,54,533,54,4749,0,3723,7
1029,2020-11-18 00:00:00,92513,23,87244,36,520,36,4749,0,3735,12
1030,2020-11-19 00:00:00,92544,31,87277,33,518,33,4749,0,3752,17
1031,2020-11-20 00:00:00,92588,44,87303,26,536,26,4749,0,3761,9
1032,2020-11-21 00:00:00,92648,60,87321,18,578,18,4749,0,3775,14
1033,2020-11-22 00:00:00,92733,85,87346,25,638,25,4749,0,3784,9
1034,2020-11-23 00:00:00,92829,96,87370,24,710,24,4749,0,3804,20
1035,2020-11-24 00:00:00,92914,85,87399,29,766,29,4749,0,3809,5
1036,2020-11-25 00:00:00,93025,111,87444,45,832,45,4749,0,3821,12
1037,2020-11-26 00:00:00,93113,88,87459,15,905,15,4749,0,3826,5
1038,2020-11-27 00:00:00,93225,112,87496,37,980,37,4749,0,3832,6
1039,2020-11-28 00:00:00,93329,104,87528,32,1051,32,4750,1,3843,11
1040,2020-11-29 00:00:00,93465,136,87570,42,1145,42,4750,0,3858,15
1041,2020-11-30 00:00:00,93577,112,87586,16,1241,16,4750,0,3866,8
1042,2020-12-01 00:00:00,93668,91,87621,35,1297,35,4750,0,3873,7
1043,2020-12-02 00:00:00,93797,129,87677,56,1369,56,4751,1,3889,16
1044,2020-12-03 00:00:00,93905,108,87720,43,1433,43,4752,1,3904,15
1045,2020-12-04 00:00:00,94038,133,87777,57,1508,57,4753,1,3919,15
1046,2020-12-05 00:00:00,94160,122,87837,60,1570,60,4753,0,3936,17
1047,2020-12-06 00:00:00,94293,133,87906,69,1634,69,4753,0,3948,12
1048,2020-12-07 00:00:00,94383,90,87978,72,1652,72,4753,0,3958,10
1049,2020-12-08 00:00:00,94500,117,88067,89,1680,89,4753,0,3969,11
1050,2020-12-09 00:00:00,94618,118,88168,101,1695,101,4755,2,3980,11
1051,2020-12-10 00:00:00,94749,131,88298,130,1696,130,4755,0,3989,9
1052,2020-12-11 00:00:00,94849,100,88411,113,1683,113,4755,0,4002,13
1053,2020-12-12 00:00:00,94950,101,88546,135,1648,135,4756,1,4021,19
1054,2020-12-13 00:00:00,95064,114,88648,102,1658,102,4758,2,4035,14
1055,2020-12-14 00:00:00,95167,103,88730,82,1676,82,4761,3,4049,14
1056,2020-12-15 00:00:00,95279,112,88823,93,1692,93,4764,3,4061,12
1057,2020-12-16 00:00:00,95375,96,88939,116,1672,116,4764,0,4068,7
1058,2020-12-17 00:00:00,95491,116,89047,108,1678,108,4766,2,4079,11
1059,2020-12-18 00:00:00,95580,89,89158,111,1652,111,4770,4,4093,14
1060,2020-12-19 00:00:00,95716,136,89294,136,1652,136,4770,0,4115,22
1061,2020-12-20 00:00:00,95816,100,89410,116,1635,116,4771,1,4136,21
1062,2020-12-21 00:00:00,95916,100,89492,82,1652,82,4772,1,4149,13
1063,2020-12-22 00:00:00,95998,82,89601,109,1624,109,4773,1,4163,14
1064,2020-12-23 00:00:00,96074,76,89743,142,1557,142,4774,1,4174,11
1065,2020-12-24 00:00:00,96159,85,89843,100,1540,100,4776,2,4181,7
1066,2020-12-25 00:00:00,96240,81,89974,131,1489,131,4777,1,4193,12
1067,2020-12-26 00:00:00,96324,84,90074,100,1473,100,4777,0,4203,10
1068,2020-12-27 00:00:00,96417,93,90176,102,1463,102,4778,1,4218,15
1069,2020-12-28 00:00:00,96513,96,90247,71,1484,71,4782,4,4230,12
1070,2020-12-29 00:00:00,96592,79,90360,113,1448,113,4784,2,4247,17
1071,2020-12-30 00:00:00,96673,81,90484,124,1401,124,4788,4,4263,16
1072,2020-12-31 00:00:00,96762,89,90597,113,1376,113,4789,1,4273,10
1073,2021-01-01 00:00:00,96807,45,90704,107,1314,107,4789,0,4273,0
1074,2021-01-02 00:00:00,96894,87,90788,84,1315,84,4791,2,4303,30
1075,2021-01-03 00:00:00,96972,78,90851,63,1330,63,4791,0,4323,20
1076,2021-01-04 00:00:00,97061,89,90914,63,1353,63,4794,3,4339,16
1077,2021-01-05 00:00:00,97127,66,91008,94,1325,94,4794,0,4348,9
1078,2021-01-06 00:00:00,97217,90,91106,98,1316,98,4795,1,4359,11
1079,2021-01-07 00:00:00,97306,89,91188,82,1323,82,4795,0,4375,16
1080,2021-01-08 00:00:00,97387,81,91262,74,1329,74,4796,1,4391,16
1081,2021-01-09 00:00:00,97518,131,91351,89,1369,89,4798,2,4412,21
1082,2021-01-10 00:00:00,97652,134,91418,67,1435,67,4799,1,4430,18
1083,2021-01-11 00:00:00,97754,102,91500,82,1454,82,4800,1,4443,13
1084,2021-01-12 00:00:00,97933,179,91588,88,1544,88,4801,1,4451,8
1085,2021-01-13 00:00:00,98117,184,91685,97,1629,97,4803,2,4465,14
1086,2021-01-14 00:00:00,98290,173,91764,79,1723,79,4803,0,4474,9
