1,2020-01-20 00:00:00,上海,SH,1,1,0,0,1,0,0,0,0,0
2,2020-01-21 00:00:00,上海,SH,9,8,0,0,9,0,0,0,0,0
3,2020-01-22 00:00:00,上海,SH,16,7,0,0,16,0,0,0,0,0
4,2020-01-23 00:00:00,上海,SH,20,4,0,0,20,0,0,0,0,0
5,2020-01-24 00:00:00,上海,SH,33,13,0,0,32,0,1,1,0,0
6,2020-01-25 00:00:00,上海,SH,40,7,1,1,38,1,1,0,0,0
7,2020-01-26 00:00:00,上海,SH,53,13,1,0,51,0,1,0,0,0
8,2020-01-27 00:00:00,上海,SH,66,13,3,2,62,2,1,0,0,0
9,2020-01-28 00:00:00,上海,SH,80,14,4,1,75,1,1,0,0,0
10,2020-01-29 00:00:00,上海,SH,101,21,5,1,95,1,1,0,0,0
11,2020-01-30 00:00:00,上海,SH,128,27,5,0,122,0,1,0,0,0
12,2020-01-31 00:00:00,上海,SH,153,25,9,4,143,4,1,0,0,0
13,2020-02-01 00:00:00,上海,SH,177,24,10,1,166,1,1,0,0,0
14,2020-02-02 00:00:00,上海,SH,193,16,10,0,182,0,1,0,0,0
15,2020-02-03 00:00:00,上海,SH,208,15,10,0,197,0,1,0,0,0
16,2020-02-04 00:00:00,上海,SH,233,25,12,2,220,2,1,0,0,0
17,2020-02-05 00:00:00,上海,SH,254,21,15,3,238,3,1,0,0,0
18,2020-02-06 00:00:00,上海,SH,269,15,25,10,243,10,1,0,0,0
19,2020-02-07 00:00:00,上海,SH,281,12,30,5,250,5,1,0,0,0
20,2020-02-08 00:00:00,上海,SH,292,11,41,11,250,11,1,0,0,0
21,2020-02-09 00:00:00,上海,SH,295,3,44,3,250,3,1,0,0,0
22,2020-02-10 00:00:00,上海,SH,302,7,48,4,253,4,1,0,0,0
23,2020-02-11 00:00:00,上海,SH,306,4,53,5,252,5,1,0,0,0
24,2020-02-12 00:00:00,上海,SH,313,7,57,4,255,4,1,0,0,0
25,2020-02-13 00:00:00,上海,SH,318,5,62,5,255,5,1,0,0,0
26,2020-02-14 00:00:00,上海,SH,326,8,90,28,235,28,1,0,0,0
27,2020-02-15 00:00:00,上海,SH,328,2,124,34,203,34,1,0,0,0
28,2020-02-16 00:00:00,上海,SH,331,3,140,16,190,16,1,0,0,0
29,2020-02-17 00:00:00,上海,SH,333,2,161,21,171,21,1,0,0,0
30,2020-02-18 00:00:00,上海,SH,333,0,177,16,155,16,1,0,0,0
31,2020-02-19 00:00:00,上海,SH,333,0,186,9,145,9,2,1,0,0
32,2020-02-20 00:00:00,上海,SH,334,1,199,13,133,13,2,0,0,0
33,2020-02-21 00:00:00,上海,SH,334,0,211,12,120,12,3,1,0,0
34,2020-02-22 00:00:00,上海,SH,335,1,227,16,105,16,3,0,0,0
35,2020-02-23 00:00:00,上海,SH,335,0,249,22,83,22,3,0,0,0
36,2020-02-24 00:00:00,上海,SH,335,0,261,12,71,12,3,0,0,0
37,2020-02-25 00:00:00,上海,SH,336,1,268,7,65,7,3,0,0,0
38,2020-02-26 00:00:00,上海,SH,337,1,272,4,62,4,3,0,0,0
39,2020-02-27 00:00:00,上海,SH,337,0,276,4,58,4,3,0,0,0
40,2020-02-28 00:00:00,上海,SH,337,0,279,3,55,3,3,0,0,0
41,2020-02-29 00:00:00,上海,SH,337,0,287,8,47,8,3,0,0,0
42,2020-03-01 00:00:00,上海,SH,337,0,290,3,44,3,3,0,0,0
43,2020-03-02 00:00:00,上海,SH,338,1,292,2,43,2,3,0,0,0
44,2020-03-03 00:00:00,上海,SH,338,0,294,2,41,2,3,0,0,0
45,2020-03-04 00:00:00,上海,SH,338,0,298,4,37,4,3,0,0,0
46,2020-03-05 00:00:00,上海,SH,339,1,303,5,33,5,3,0,0,0
47,2020-03-06 00:00:00,上海,SH,342,3,306,3,33,3,3,0,0,0
48,2020-03-07 00:00:00,上海,SH,342,0,313,7,26,7,3,0,0,0
49,2020-03-08 00:00:00,上海,SH,342,0,314,1,25,1,3,0,0,0
50,2020-03-09 00:00:00,上海,SH,342,0,315,1,24,1,3,0,0,0
51,2020-03-10 00:00:00,上海,SH,344,2,319,4,22,4,3,0,0,0
52,2020-03-11 00:00:00,上海,SH,344,0,320,1,21,1,3,0,0,0
53,2020-03-12 00:00:00,上海,SH,346,2,321,1,22,1,3,0,0,0
54,2020-03-13 00:00:00,上海,SH,350,4,324,3,23,3,3,0,0,0
55,2020-03-14 00:00:00,上海,SH,353,3,324,0,26,0,3,0,0,0
56,2020-03-15 00:00:00,上海,SH,355,2,324,0,28,0,3,0,0,0
57,2020-03-16 00:00:00,上海,SH,358,3,325,1,30,1,3,0,0,0
58,2020-03-17 00:00:00,上海,SH,361,3,325,0,33,0,3,0,0,0
59,2020-03-18 00:00:00,上海,SH,363,2,326,1,34,1,3,0,0,0
60,2020-03-19 00:00:00,上海,SH,371,8,326,0,42,0,3,0,0,0
61,2020-03-20 00:00:00,上海,SH,380,9,326,0,51,0,3,0,0,0
62,2020-03-21 00:00:00,上海,SH,394,14,327,1,63,1,4,1,0,0
63,2020-03-22 00:00:00,上海,SH,404,10,328,1,72,1,4,0,0,0
64,2020-03-23 00:00:00,上海,SH,413,9,329,1,80,1,4,0,0,0
65,2020-03-24 00:00:00,上海,SH,433,20,330,1,98,1,5,1,19,19
66,2020-03-25 00:00:00,上海,SH,451,18,330,0,116,0,5,0,19,0
67,2020-03-26 00:00:00,上海,SH,468,17,331,1,132,1,5,0,19,0
68,2020-03-27 00:00:00,上海,SH,485,17,334,3,146,3,5,0,19,0
69,2020-03-28 00:00:00,上海,SH,492,7,334,0,153,0,5,0,19,0
70,2020-03-29 00:00:00,上海,SH,498,6,334,0,159,0,5,0,19,0
71,2020-03-30 00:00:00,上海,SH,509,11,338,4,166,4,5,0,19,0
72,2020-03-31 00:00:00,上海,SH,516,7,341,3,169,3,6,1,19,0
73,2020-04-01 00:00:00,上海,SH,522,6,343,2,173,2,6,0,19,0
74,2020-04-02 00:00:00,上海,SH,526,4,343,0,177,0,6,0,0,-19
75,2020-04-03 00:00:00,上海,SH,529,3,348,5,175,5,6,0,0,0
76,2020-04-04 00:00:00,上海,SH,531,2,356,8,169,8,6,0,19,19
77,2020-04-05 00:00:00,上海,SH,536,5,383,27,147,27,6,0,19,0
78,2020-04-06 00:00:00,上海,SH,538,2,389,6,143,6,6,0,19,0
79,2020-04-07 00:00:00,上海,SH,543,5,406,17,130,17,7,1,0,-19
80,2020-04-08 00:00:00,上海,SH,552,9,417,11,128,11,7,0,0,0
81,2020-04-09 00:00:00,上海,SH,555,3,422,5,126,5,7,0,19,19
82,2020-04-10 00:00:00,上海,SH,555,0,435,13,113,13,7,0,19,0
83,2020-04-11 00:00:00,上海,SH,607,52,438,3,162,3,7,0,19,0
84,2020-04-12 00:00:00,上海,SH,618,11,446,8,165,8,7,0,19,0
85,2020-04-13 00:00:00,上海,SH,618,0,458,12,153,12,7,0,19,0
86,2020-04-14 00:00:00,上海,SH,622,4,468,10,147,10,7,0,19,0
87,2020-04-15 00:00:00,上海,SH,628,6,485,17,136,17,7,0,19,0
88,2020-04-16 00:00:00,上海,SH,628,0,489,4,132,4,7,0,19,0
89,2020-04-17 00:00:00,上海,SH,628,0,512,23,109,23,7,0,19,0
90,2020-04-18 00:00:00,上海,SH,635,7,516,4,112,4,7,0,19,0
91,2020-04-19 00:00:00,上海,SH,638,3,521,5,110,5,7,0,19,0
92,2020-04-20 00:00:00,上海,SH,638,0,530,9,101,9,7,0,19,0
93,2020-04-21 00:00:00,上海,SH,639,1,530,0,102,0,7,0,300,281
94,2020-04-22 00:00:00,上海,SH,640,1,532,2,101,2,7,0,300,0
95,2020-04-23 00:00:00,上海,SH,641,1,533,1,101,1,7,0,300,0
96,2020-04-24 00:00:00,上海,SH,641,0,547,14,87,14,7,0,300,0
97,2020-04-25 00:00:00,上海,SH,642,1,558,11,77,11,7,0,300,0
98,2020-04-26 00:00:00,上海,SH,642,0,568,10,67,10,7,0,300,0
99,2020-04-27 00:00:00,上海,SH,644,2,581,13,56,13,7,0,300,0
100,2020-04-28 00:00:00,上海,SH,645,1,584,3,54,3,7,0,300,0
101,2020-04-29 00:00:00,上海,SH,647,2,597,13,43,13,7,0,300,0
102,2020-04-30 00:00:00,上海,SH,652,5,599,2,46,2,7,0,300,0
103,2020-05-01 00:00:00,上海,SH,652,0,612,13,33,13,7,0,300,0
104,2020-05-02 00:00:00,上海,SH,653,1,613,1,33,1,7,0,300,0
105,2020-05-03 00:00:00,上海,SH,655,2,615,2,33,2,7,0,300,0
106,2020-05-04 00:00:00,上海,SH,656,1,619,4,30,4,7,0,300,0
107,2020-05-05 00:00:00,上海,SH,656,0,620,1,29,1,7,0,300,0
108,2020-05-06 00:00:00,上海,SH,657,1,620,0,30,0,7,0,300,0
109,2020-05-07 00:00:00,上海,SH,657,0,623,3,27,3,7,0,300,0
110,2020-05-08 00:00:00,上海,SH,657,0,623,0,27,0,7,0,300,0
111,2020-05-09 00:00:00,上海,SH,659,2,626,3,26,3,7,0,300,0
112,2020-05-10 00:00:00,上海,SH,659,0,627,1,25,1,7,0,300,0
113,2020-05-11 00:00:00,上海,SH,659,0,627,0,25,0,7,0,300,0
114,2020-05-12 00:00:00,上海,SH,660,1,631,4,22,4,7,0,300,0
115,2020-05-13 00:00:00,上海,SH,660,0,633,2,20,2,7,0,300,0
116,2020-05-14 00:00:00,上海,SH,660,0,638,5,15,5,7,0,300,0
117,2020-05-15 00:00:00,上海,SH,665,5,640,2,18,2,7,0,300,0
118,2020-05-16 00:00:00,上海,SH,665,0,641,1,17,1,7,0,300,0
119,2020-05-17 00:00:00,上海,SH,666,1,641,0,18,0,7,0,300,0
120,2020-05-18 00:00:00,上海,SH,666,0,641,0,18,0,7,0,300,0
121,2020-05-19 00:00:00,上海,SH,666,0,642,1,17,1,7,0,300,0
122,2020-05-20 00:00:00,上海,SH,667,1,645,3,15,3,7,0,300,0
123,2020-05-21 00:00:00,上海,SH,667,0,646,1,14,1,7,0,300,0
124,2020-05-22 00:00:00,上海,SH,667,0,647,1,13,1,7,0,300,0
125,2020-05-23 00:00:00,上海,SH,668,1,647,0,14,0,7,0,300,0
126,2020-05-24 00:00:00,上海,SH,668,0,648,1,13,1,7,0,300,0
127,2020-05-25 00:00:00,上海,SH,669,1,652,4,10,4,7,0,300,0
128,2020-05-26 00:00:00,上海,SH,670,1,653,1,10,1,7,0,300,0
129,2020-05-27 00:00:00,上海,SH,671,1,655,2,9,2,7,0,300,0
130,2020-05-28 00:00:00,上海,SH,671,0,655,0,9,0,7,0,300,0
131,2020-05-29 00:00:00,上海,SH,672,1,657,2,8,2,7,0,300,0
132,2020-05-30 00:00:00,上海,SH,672,0,657,0,8,0,7,0,300,0
133,2020-05-31 00:00:00,上海,SH,672,0,657,0,8,0,7,0,300,0
134,2020-06-01 00:00:00,上海,SH,673,1,660,3,6,3,7,0,300,0
135,2020-06-02 00:00:00,上海,SH,673,0,661,1,5,1,7,0,300,0
136,2020-06-03 00:00:00,上海,SH,673,0,661,0,5,0,7,0,300,0
137,2020-06-04 00:00:00,上海,SH,677,4,662,1,8,1,7,0,300,0
138,2020-06-05 00:00:00,上海,SH,677,0,663,1,7,1,7,0,300,0
139,2020-06-06 00:00:00,上海,SH,677,0,664,1,6,1,7,0,300,0
140,2020-06-07 00:00:00,上海,SH,678,1,664,0,7,0,7,0,300,0
141,2020-06-08 00:00:00,上海,SH,678,0,665,1,6,1,7,0,300,0
142,2020-06-09 00:00:00,上海,SH,678,0,665,0,6,0,7,0,300,0
143,2020-06-10 00:00:00,上海,SH,684,6,665,0,12,0,7,0,300,0
144,2020-06-11 00:00:00,上海,SH,689,5,666,1,16,1,7,0,300,0
145,2020-06-12 00:00:00,上海,SH,690,1,666,0,17,0,7,0,300,0
146,2020-06-13 00:00:00,上海,SH,691,1,666,0,18,0,7,0,300,0
147,2020-06-14 00:00:00,上海,SH,692,1,667,1,18,1,7,0,300,0
148,2020-06-15 00:00:00,上海,SH,695,3,667,0,21,0,7,0,300,0
149,2020-06-16 00:00:00,上海,SH,695,0,667,0,21,0,7,0,300,0
150,2020-06-17 00:00:00,上海,SH,697,2,668,1,22,1,7,0,300,0
151,2020-06-18 00:00:00,上海,SH,697,0,668,0,22,0,7,0,300,0
152,2020-06-19 00:00:00,上海,SH,698,1,668,0,23,0,7,0,300,0
153,2020-06-20 00:00:00,上海,SH,698,0,668,0,23,0,7,0,300,0
154,2020-06-21 00:00:00,上海,SH,701,3,668,0,26,0,7,0,300,0
155,2020-06-22 00:00:00,上海,SH,701,0,669,1,25,1,7,0,300,0
156,2020-06-23 00:00:00,上海,SH,703,2,669,0,27,0,7,0,300,0
157,2020-06-24 00:00:00,上海,SH,703,0,670,1,26,1,7,0,300,0
158,2020-06-25 00:00:00,上海,SH,705,2,672,2,26,2,7,0,300,0
159,2020-06-26 00:00:00,上海,SH,706,1,674,2,25,2,7,0,300,0
160,2020-06-27 00:00:00,上海,SH,707,1,675,1,25,1,7,0,300,0
161,2020-06-28 00:00:00,上海,SH,708,1,675,0,26,0,7,0,300,0
162,2020-06-29 00:00:00,上海,SH,712,4,675,0,30,0,7,0,300,0
163,2020-06-30 00:00:00,上海,SH,712,0,675,0,30,0,7,0,300,0
164,2020-07-01 00:00:00,上海,SH,713,1,677,2,29,2,7,0,300,0
165,2020-07-02 00:00:00,上海,SH,714,1,678,1,29,1,7,0,300,0
166,2020-07-03 00:00:00,上海,SH,715,1,681,3,27,3,7,0,300,0
167,2020-07-04 00:00:00,上海,SH,716,1,681,0,28,0,7,0,300,0
168,2020-07-05 00:00:00,上海,SH,716,0,681,0,28,0,7,0,300,0
169,2020-07-06 00:00:00,上海,SH,718,2,685,4,26,4,7,0,300,0
170,2020-07-07 00:00:00,上海,SH,718,0,688,3,23,3,7,0,300,0
171,2020-07-08 00:00:00,上海,SH,721,3,689,1,25,1,7,0,300,0
172,2020-07-09 00:00:00,上海,SH,722,1,689,0,26,0,7,0,300,0
173,2020-07-10 00:00:00,上海,SH,722,0,689,0,26,0,7,0,300,0
174,2020-07-11 00:00:00,上海,SH,724,2,689,0,28,0,7,0,300,0
175,2020-07-12 00:00:00,上海,SH,725,1,689,0,29,0,7,0,300,0
176,2020-07-13 00:00:00,上海,SH,728,3,690,1,31,1,7,0,300,0
177,2020-07-14 00:00:00,上海,SH,731,3,690,0,34,0,7,0,300,0
178,2020-07-15 00:00:00,上海,SH,732,1,691,1,34,1,7,0,300,0
179,2020-07-16 00:00:00,上海,SH,733,1,699,8,27,8,7,0,300,0
180,2020-07-17 00:00:00,上海,SH,733,0,699,0,27,0,7,0,300,0
181,2020-07-18 00:00:00,上海,SH,733,0,701,2,25,2,7,0,300,0
182,2020-07-19 00:00:00,上海,SH,733,0,707,6,19,6,7,0,300,0
183,2020-07-20 00:00:00,上海,SH,735,2,708,1,20,1,7,0,393,93
184,2020-07-22 00:00:00,上海,SH,738,3,711,3,20,3,7,0,393,0
185,2020-07-24 00:00:00,上海,SH,741,3,712,1,22,1,7,0,393,0
186,2020-07-25 00:00:00,上海,SH,741,0,716,4,18,4,7,0,393,0
187,2020-07-26 00:00:00,上海,SH,741,0,717,1,17,1,7,0,393,0
188,2020-07-27 00:00:00,上海,SH,743,2,718,1,18,1,7,0,393,0
189,2020-07-28 00:00:00,上海,SH,744,1,720,2,17,2,7,0,393,0
190,2020-07-29 00:00:00,上海,SH,744,0,720,0,17,0,7,0,393,0
191,2020-07-30 00:00:00,上海,SH,744,0,720,0,17,0,7,0,393,0
192,2020-07-31 00:00:00,上海,SH,748,4,724,4,17,4,7,0,393,0
193,2020-08-01 00:00:00,上海,SH,749,1,725,1,17,1,7,0,393,0
194,2020-08-02 00:00:00,上海,SH,749,0,725,0,17,0,7,0,393,0
195,2020-08-03 00:00:00,上海,SH,750,1,727,2,16,2,7,0,393,0
196,2020-08-04 00:00:00,上海,SH,752,2,727,0,18,0,7,0,393,0
197,2020-08-06 00:00:00,上海,SH,764,12,728,1,29,1,7,0,393,0
198,2020-08-07 00:00:00,上海,SH,766,2,729,1,30,1,7,0,393,0
199,2020-08-08 00:00:00,上海,SH,768,2,730,1,31,1,7,0,393,0
200,2020-08-09 00:00:00,上海,SH,786,18,731,1,48,1,7,0,393,0
201,2020-08-10 00:00:00,上海,SH,794,8,734,3,53,3,7,0,393,0
202,2020-08-12 00:00:00,上海,SH,800,6,737,3,56,3,7,0,393,0
203,2020-08-13 00:00:00,上海,SH,816,16,739,2,70,2,7,0,393,0
204,2020-08-14 00:00:00,上海,SH,820,4,740,1,73,1,7,0,393,0
205,2020-08-15 00:00:00,上海,SH,825,5,745,5,73,5,7,0,393,0
206,2020-08-16 00:00:00,上海,SH,828,3,749,4,72,4,7,0,393,0
207,2020-08-17 00:00:00,上海,SH,842,14,752,3,83,3,7,0,393,0
208,2020-08-18 00:00:00,上海,SH,850,8,754,2,89,2,7,0,393,0
209,2020-08-20 00:00:00,上海,SH,862,12,777,23,78,23,7,0,393,0
210,2020-08-21 00:00:00,上海,SH,875,13,783,6,85,6,7,0,393,0
211,2020-08-22 00:00:00,上海,SH,875,0,786,3,82,3,7,0,393,0
212,2020-08-23 00:00:00,上海,SH,880,5,796,10,77,10,7,0,393,0
213,2020-08-24 00:00:00,上海,SH,882,2,799,3,76,3,7,0,393,0
214,2020-08-25 00:00:00,上海,SH,886,4,805,6,74,6,7,0,393,0
215,2020-08-26 00:00:00,上海,SH,888,2,807,2,74,2,7,0,393,0
216,2020-08-27 00:00:00,上海,SH,891,3,819,12,65,12,7,0,393,0
217,2020-08-28 00:00:00,上海,SH,894,3,826,7,61,7,7,0,393,0
218,2020-08-29 00:00:00,上海,SH,897,3,829,3,61,3,7,0,393,0
219,2020-08-30 00:00:00,上海,SH,903,6,840,11,56,11,7,0,393,0
220,2020-08-31 00:00:00,上海,SH,904,1,840,0,57,0,7,0,393,0
221,2020-09-01 00:00:00,上海,SH,908,4,842,2,59,2,7,0,393,0
222,2020-09-02 00:00:00,上海,SH,908,0,849,7,52,7,7,0,393,0
223,2020-09-03 00:00:00,上海,SH,913,5,854,5,52,5,7,0,393,0
224,2020-09-04 00:00:00,上海,SH,916,3,860,6,49,6,7,0,393,0
225,2020-09-05 00:00:00,上海,SH,918,2,866,6,45,6,7,0,393,0
226,2020-09-06 00:00:00,上海,SH,922,4,869,3,46,3,7,0,393,0
227,2020-09-07 00:00:00,上海,SH,922,0,872,3,43,3,7,0,393,0
228,2020-09-09 00:00:00,上海,SH,929,7,877,5,45,5,7,0,393,0
229,2020-09-10 00:00:00,上海,SH,937,8,887,10,43,10,7,0,393,0
230,2020-09-11 00:00:00,上海,SH,939,2,887,0,45,0,7,0,393,0
231,2020-09-13 00:00:00,上海,SH,947,8,897,10,43,10,7,0,393,0
232,2020-09-14 00:00:00,上海,SH,948,1,900,3,41,3,7,0,393,0
233,2020-09-15 00:00:00,上海,SH,950,2,904,4,39,4,7,0,393,0
234,2020-09-19 00:00:00,上海,SH,972,22,916,12,49,12,7,0,393,0
235,2020-09-20 00:00:00,上海,SH,974,2,919,3,48,3,7,0,393,0
236,2020-09-21 00:00:00,上海,SH,975,1,923,4,45,4,7,0,393,0
237,2020-09-22 00:00:00,上海,SH,975,0,923,0,45,0,7,0,393,0
238,2020-09-23 00:00:00,上海,SH,977,2,926,3,44,3,7,0,393,0
239,2020-09-24 00:00:00,上海,SH,981,4,928,2,46,2,7,0,393,0
240,2020-09-25 00:00:00,上海,SH,981,0,932,4,42,4,7,0,393,0
241,2020-09-26 00:00:00,上海,SH,982,1,934,2,41,2,7,0,393,0
242,2020-09-27 00:00:00,上海,SH,992,10,936,2,49,2,7,0,393,0
243,2020-09-28 00:00:00,上海,SH,997,5,939,3,51,3,7,0,393,0
244,2020-09-29 00:00:00,上海,SH,999,2,942,3,50,3,7,0,393,0
245,2020-10-01 00:00:00,上海,SH,1007,8,950,8,50,8,7,0,393,0
246,2020-10-02 00:00:00,上海,SH,1011,4,953,3,51,3,7,0,393,0
247,2020-10-03 00:00:00,上海,SH,1012,1,955,2,50,2,7,0,393,0
248,2020-10-04 00:00:00,上海,SH,1022,10,957,2,58,2,7,0,393,0
249,2020-10-05 00:00:00,上海,SH,1024,2,958,1,59,1,7,0,393,0
250,2020-10-06 00:00:00,上海,SH,1025,1,960,2,58,2,7,0,393,0
251,2020-10-07 00:00:00,上海,SH,1030,5,966,6,57,6,7,0,393,0
252,2020-10-08 00:00:00,上海,SH,1036,6,971,5,58,5,7,0,393,0
253,2020-10-09 00:00:00,上海,SH,1038,2,976,5,55,5,7,0,393,0
254,2020-10-10 00:00:00,上海,SH,1048,10,980,4,61,4,7,0,393,0
255,2020-10-11 00:00:00,上海,SH,1053,5,981,1,65,1,7,0,393,0
256,2020-10-12 00:00:00,上海,SH,1056,3,985,4,64,4,7,0,393,0
257,2020-10-13 00:00:00,上海,SH,1061,5,988,3,66,3,7,0,393,0
258,2020-10-14 00:00:00,上海,SH,1064,3,993,5,64,5,7,0,393,0
259,2020-10-15 00:00:00,上海,SH,1075,11,996,3,72,3,7,0,393,0
260,2020-10-16 00:00:00,上海,SH,1080,5,997,1,76,1,7,0,393,0
261,2020-10-17 00:00:00,上海,SH,1085,5,1003,6,75,6,7,0,393,0
262,2020-10-18 00:00:00,上海,SH,1090,5,1011,8,72,8,7,0,393,0
263,2020-10-19 00:00:00,上海,SH,1095,5,1013,2,75,2,7,0,393,0
264,2020-10-20 00:00:00,上海,SH,1097,2,1021,8,69,8,7,0,393,0
265,2020-10-21 00:00:00,上海,SH,1105,8,1026,5,72,5,7,0,393,0
266,2020-10-22 00:00:00,上海,SH,1114,9,1028,2,79,2,7,0,393,0
267,2020-10-23 00:00:00,上海,SH,1123,9,1031,3,85,3,7,0,393,0
268,2020-10-24 00:00:00,上海,SH,1128,5,1034,3,87,3,7,0,393,0
269,2020-10-25 00:00:00,上海,SH,1139,11,1045,11,87,11,7,0,393,0
270,2020-10-26 00:00:00,上海,SH,1142,3,1046,1,89,1,7,0,393,0
271,2020-10-27 00:00:00,上海,SH,1149,7,1048,2,94,2,7,0,393,0
272,2020-10-28 00:00:00,上海,SH,1155,6,1049,1,99,1,7,0,393,0
273,2020-10-30 00:00:00,上海,SH,1176,21,1067,18,102,18,7,0,393,0
274,2020-10-31 00:00:00,上海,SH,1181,5,1074,7,100,7,7,0,393,0
275,2020-11-01 00:00:00,上海,SH,1187,6,1085,11,95,11,7,0,393,0
276,2020-11-02 00:00:00,上海,SH,1196,9,1096,11,93,11,7,0,393,0
277,2020-11-03 00:00:00,上海,SH,1200,4,1101,5,92,5,7,0,393,0
278,2020-11-04 00:00:00,上海,SH,1208,8,1111,10,90,10,7,0,393,0
279,2020-11-05 00:00:00,上海,SH,1223,15,1116,5,100,5,7,0,393,0
280,2020-11-06 00:00:00,上海,SH,1234,11,1122,6,105,6,7,0,393,0
281,2020-11-08 00:00:00,上海,SH,1254,20,1143,21,104,21,7,0,393,0
282,2020-11-09 00:00:00,上海,SH,1259,5,1151,8,101,8,7,0,393,0
283,2020-11-10 00:00:00,上海,SH,1264,5,1154,3,103,3,7,0,393,0
284,2020-11-11 00:00:00,上海,SH,1268,4,1157,3,104,3,7,0,393,0
285,2020-11-12 00:00:00,上海,SH,1271,3,1164,7,100,7,7,0,393,0
286,2020-11-14 00:00:00,上海,SH,1277,6,1174,10,96,10,7,0,393,0
287,2020-11-15 00:00:00,上海,SH,1277,0,1183,9,87,9,7,0,393,0
288,2020-11-17 00:00:00,上海,SH,1285,8,1207,24,71,24,7,0,393,0
289,2020-11-18 00:00:00,上海,SH,1286,1,1215,8,64,8,7,0,393,0
290,2020-11-19 00:00:00,上海,SH,1290,4,1223,8,60,8,7,0,393,0
291,2020-11-20 00:00:00,上海,SH,1301,11,1231,8,63,8,7,0,393,0
292,2020-11-21 00:00:00,上海,SH,1305,4,1233,2,65,2,7,0,393,0
293,2020-11-22 00:00:00,上海,SH,1308,3,1236,3,65,3,7,0,393,0
294,2020-11-23 00:00:00,上海,SH,1312,4,1242,6,63,6,7,0,393,0
295,2020-11-24 00:00:00,上海,SH,1314,2,1249,7,58,7,7,0,393,0
296,2020-11-25 00:00:00,上海,SH,1319,5,1253,4,59,4,7,0,393,0
297,2020-11-26 00:00:00,上海,SH,1322,3,1253,0,62,0,7,0,393,0
298,2020-11-27 00:00:00,上海,SH,1322,0,1257,4,58,4,7,0,393,0
299,2020-11-28 00:00:00,上海,SH,1325,3,1266,9,52,9,7,0,393,0
300,2020-11-29 00:00:00,上海,SH,1330,5,1272,6,51,6,7,0,393,0
301,2020-11-30 00:00:00,上海,SH,1332,2,1277,5,48,5,7,0,393,0
302,2020-12-01 00:00:00,上海,SH,1333,1,1279,2,47,2,7,0,393,0
303,2020-12-02 00:00:00,上海,SH,1341,8,1280,1,54,1,7,0,393,0
304,2020-12-03 00:00:00,上海,SH,1350,9,1285,5,58,5,7,0,393,0
305,2020-12-04 00:00:00,上海,SH,1353,3,1288,3,58,3,7,0,393,0
306,2020-12-06 00:00:00,上海,SH,1366,13,1294,6,65,6,7,0,393,0
307,2020-12-07 00:00:00,上海,SH,1370,4,1299,5,64,5,7,0,393,0
308,2020-12-08 00:00:00,上海,SH,1376,6,1300,1,69,1,7,0,393,0
309,2020-12-09 00:00:00,上海,SH,1385,9,1302,2,76,2,7,0,393,0
310,2020-12-10 00:00:00,上海,SH,1390,5,1302,0,81,0,7,0,393,0
311,2020-12-11 00:00:00,上海,SH,1395,5,1306,4,82,4,7,0,393,0
312,2020-12-12 00:00:00,上海,SH,1405,10,1309,3,89,3,7,0,393,0
313,2020-12-13 00:00:00,上海,SH,1412,7,1313,4,92,4,7,0,393,0
314,2020-12-14 00:00:00,上海,SH,1415,3,1319,6,89,6,7,0,393,0
315,2020-12-15 00:00:00,上海,SH,1418,3,1323,4,88,4,7,0,393,0
316,2020-12-16 00:00:00,上海,SH,1424,6,1329,6,88,6,7,0,393,0
317,2020-12-17 00:00:00,上海,SH,1428,4,1332,3,89,3,7,0,393,0
318,2020-12-18 00:00:00,上海,SH,1436,8,1336,4,93,4,7,0,393,0
319,2020-12-19 00:00:00,上海,SH,1447,11,1346,10,94,10,7,0,393,0
320,2020-12-20 00:00:00,上海,SH,1455,8,1351,5,97,5,7,0,393,0
321,2020-12-21 00:00:00,上海,SH,1461,6,1352,1,102,1,7,0,393,0
322,2020-12-22 00:00:00,上海,SH,1473,12,1358,6,108,6,7,0,393,0
323,2020-12-23 00:00:00,上海,SH,1479,6,1362,4,110,4,7,0,393,0
324,2020-12-24 00:00:00,上海,SH,1483,4,1367,5,109,5,7,0,393,0
325,2020-12-25 00:00:00,上海,SH,1488,5,1370,3,111,3,7,0,393,0
326,2020-12-26 00:00:00,上海,SH,1492,4,1377,7,108,7,7,0,393,0
327,2020-12-27 00:00:00,上海,SH,1494,2,1384,7,103,7,7,0,393,0
328,2020-12-28 00:00:00,上海,SH,1498,4,1389,5,102,5,7,0,393,0
329,2020-12-29 00:00:00,上海,SH,1505,7,1400,11,98,11,7,0,393,0
330,2020-12-30 00:00:00,上海,SH,1511,6,1405,5,99,5,7,0,393,0
331,2020-12-31 00:00:00,上海,SH,1516,5,1412,7,97,7,7,0,393,0
332,2021-01-01 00:00:00,上海,SH,1520,4,1420,8,93,8,7,0,393,0
333,2021-01-02 00:00:00,上海,SH,1526,6,1424,4,95,4,7,0,393,0
334,2021-01-03 00:00:00,上海,SH,1530,4,1429,5,94,5,7,0,393,0
335,2021-01-04 00:00:00,上海,SH,1536,6,1429,0,100,0,7,0,393,0
336,2021-01-05 00:00:00,上海,SH,1538,2,1437,8,94,8,7,0,393,0
337,2021-01-06 00:00:00,上海,SH,1543,5,1439,2,97,2,7,0,393,0
338,2021-01-07 00:00:00,上海,SH,1551,8,1442,3,102,3,7,0,393,0
339,2021-01-08 00:00:00,上海,SH,1558,7,1446,4,105,4,7,0,393,0
340,2021-01-09 00:00:00,上海,SH,1562,4,1449,3,106,3,7,0,393,0
341,2021-01-10 00:00:00,上海,SH,1564,2,1457,8,100,8,7,0,393,0
342,2021-01-11 00:00:00,上海,SH,1568,4,1471,14,90,14,7,0,393,0
343,2021-01-12 00:00:00,上海,SH,1573,5,1477,6,89,6,7,0,393,0
344,2021-01-13 00:00:00,上海,SH,1581,8,1481,4,93,4,7,0,393,0
345,2021-01-14 00:00:00,上海,SH,1583,2,1489,8,87,8,7,0,393,0
346,2021-01-15 00:00:00,上海,SH,1590,7,1491,2,92,2,7,0,393,0
347,2021-01-16 00:00:00,上海,SH,1594,4,1499,8,88,8,7,0,393,0
348,2021-01-17 00:00:00,上海,SH,1598,4,1505,6,86,6,7,0,393,0
349,2021-01-18 00:00:00,上海,SH,1602,4,1509,4,86,4,7,0,393,0
350,2021-01-19 00:00:00,上海,SH,1606,4,1512,3,87,3,7,0,393,0
351,2021-01-20 00:00:00,上海,SH,1615,9,1513,1,95,1,7,0,393,0
352,2021-01-21 00:00:00,上海,SH,1624,9,1517,4,100,4,7,0,393,0
353,2021-01-22 00:00:00,上海,SH,1635,11,1518,1,110,1,7,0,393,0
354,2021-01-23 00:00:00,上海,SH,1641,6,1523,5,111,5,7,0,393,0
355,2021-01-24 00:00:00,上海,SH,1644,3,1532,9,105,9,7,0,393,0
356,2021-01-25 00:00:00,上海,SH,1654,10,1533,1,114,1,7,0,393,0
357,2021-01-26 00:00:00,上海,SH,1660,6,1547,14,106,14,7,0,393,0
358,2021-01-27 00:00:00,上海,SH,1667,7,1550,3,110,3,7,0,393,0
359,2021-01-28 00:00:00,上海,SH,1676,9,1555,5,114,5,7,0,393,0
360,2021-01-29 00:00:00,上海,SH,1687,11,1559,4,121,4,7,0,393,0
361,2021-01-30 00:00:00,上海,SH,1694,7,1562,3,125,3,7,0,393,0
362,2021-01-31 00:00:00,上海,SH,1698,4,1566,4,125,4,7,0,393,0
363,2021-02-01 00:00:00,上海,SH,1705,7,1568,2,130,2,7,0,393,0
364,2021-02-02 00:00:00,上海,SH,1709,4,1572,4,130,4,7,0,393,0
365,2021-02-03 00:00:00,上海,SH,1714,5,1582,10,125,10,7,0,393,0
366,2021-02-04 00:00:00,上海,SH,1724,10,1590,8,127,8,7,0,393,0
367,2021-02-05 00:00:00,上海,SH,1729,5,1592,2,130,2,7,0,393,0
368,2021-02-06 00:00:00,上海,SH,1732,3,1597,5,128,5,7,0,393,0
369,2021-02-07 00:00:00,上海,SH,1739,7,1607,10,125,10,7,0,393,0
370,2021-02-08 00:00:00,上海,SH,1741,2,1615,8,119,8,7,0,393,0
371,2021-02-09 00:00:00,上海,SH,1747,6,1619,4,121,4,7,0,393,0
372,2021-02-10 00:00:00,上海,SH,1747,0,1626,7,114,7,7,0,393,0
373,2021-02-11 00:00:00,上海,SH,1754,7,1633,7,114,7,7,0,393,0
374,2021-02-12 00:00:00,上海,SH,1757,3,1639,6,111,6,7,0,393,0
375,2021-02-13 00:00:00,上海,SH,1759,2,1643,4,109,4,7,0,393,0
376,2021-02-14 00:00:00,上海,SH,1760,1,1650,7,103,7,7,0,393,0
377,2021-02-15 00:00:00,上海,SH,1765,5,1662,12,96,12,7,0,393,0
378,2021-02-16 00:00:00,上海,SH,1765,0,1670,8,88,8,7,0,393,0
379,2021-02-17 00:00:00,上海,SH,1769,4,1676,6,86,6,7,0,393,0
380,2021-02-18 00:00:00,上海,SH,1776,7,1686,10,83,10,7,0,393,0
381,2021-02-19 00:00:00,上海,SH,1778,2,1686,0,85,0,7,0,393,0
382,2021-02-20 00:00:00,上海,SH,1781,3,1689,3,85,3,7,0,393,0
383,2021-02-21 00:00:00,上海,SH,1783,2,1704,15,72,15,7,0,393,0
